{"cameraMode":{"drawMode":0,"name":"Shaded","section":"Shading Mode"},"sceneLighting":true,"audioPlay":false,"sceneViewState":{"showFog":true,"showMaterialUpdate":false,"showSkybox":true,"showFlares":true,"showImageEffects":true,"showParticleSystems":true},"in2DMode":false,"pivot":{"x":7.948530673980713,"y":4.564894199371338,"z":-0.9282005429267883},"rotation":{"x":0.2932145893573761,"y":0.04300347715616226,"z":-0.013203565962612629,"w":0.9549877643585205},"size":28.459041595458986,"orthographic":true}